﻿<?xml version="1.0"?>
<doc>
<assembly>
<name>
Efftran-Gui
</name>
</assembly>
<members>
<member name="T:Efftran_Gui.My.Resources.Resources">
<summary>
  A strongly-typed resource class, for looking up localized strings, etc.
</summary>
</member>
<member name="P:Efftran_Gui.My.Resources.Resources.ResourceManager">
<summary>
  Returns the cached ResourceManager instance used by this class.
</summary>
</member>
<member name="P:Efftran_Gui.My.Resources.Resources.Culture">
<summary>
  Overrides the current thread's CurrentUICulture property for all
  resource lookups using this strongly typed resource class.
</summary>
</member>
<member name="P:Efftran_Gui.My.Resources.Resources.checkerboard">
<summary>
  Looks up a localized resource of type System.Drawing.Bitmap.
</summary>
</member>
<member name="P:Efftran_Gui.My.Resources.Resources.stripedPattern">
<summary>
  Looks up a localized resource of type System.Drawing.Bitmap.
</summary>
</member>
<member name="T:Efftran_Gui.AbsorberlessDetectorInput">
 <summary>
 An interactive form for entering detector parameters. See the superclass InputForm.vb for additional documentation.
 </summary>
</member>
<member name="P:Efftran_Gui.AbsorberlessDetectorInput.AxisX">
 <summary> the x-coordinate of the axis of the cilinder drawing </summary>
</member>
<member name="M:Efftran_Gui.AbsorberlessDetectorInput.#ctor">
 <summary>
 Automatically called whenever a new detector input form is created. This handles general initialisation of the window.
 </summary>
</member>
<member name="M:Efftran_Gui.AbsorberlessDetectorInput.initializeDesign">
 <summary>
 Sets properties of the user interface such as the transparency of the cavity and the materials for the crystal.
 </summary>
</member>
<member name="M:Efftran_Gui.AbsorberlessDetectorInput.redraw">
 <summary>
 Redraws everything to match the values given by the numeric up/downs.
 This is used during initialisation and changing of the window size.
 </summary>
</member>
<member name="M:Efftran_Gui.AbsorberlessDetectorInput.HandleKeyDown(System.Object,System.Windows.Forms.KeyEventArgs)">
 <summary>
 Sets the following keyboard shortcuts
  - Ctrl + S: btnSave_Click()
  - Ctrl + O: btnLoad_Click()
 </summary>
</member>
<member name="M:Efftran_Gui.AbsorberlessDetectorInput.btnSave_Click">
 <summary>
 Pops up a saving dialog and saves the paramters in the correct order.
 </summary>
</member>
<member name="M:Efftran_Gui.AbsorberlessDetectorInput.btnLoad_Click">
 <summary>
 Pops up an opening dialog and loads the parameters in a fixed order (the same as the saving order).
 </summary>
</member>
<member name="P:Efftran_Gui.CoincidenceSummingWindow.Status">
 <summary>
 The status displayed in the status bar at the bottom of the window. The status can be changed by simply assigning a value to it.
 </summary>
 <returns>The current status</returns>
</member>
<member name="T:Efftran_Gui.CoincidenceSummingWindow.comboInputTypeIndex">
 <summary>
 The index of each item in the drop-down menu for selecting the input type.
 </summary>
</member>
<member name="M:Efftran_Gui.CoincidenceSummingWindow.#ctor">
 <summary>
 Automatically called whenever a new coincidence summing window is created. This handles general initialisation of the window.
 </summary>
</member>
<member name="M:Efftran_Gui.CoincidenceSummingWindow.HandleKeyDown(System.Object,System.Windows.Forms.KeyEventArgs)">
 <summary>
 Sets the following keyboard shortcuts
  - Ctrl + O: process()
 </summary>
</member>
<member name="M:Efftran_Gui.CoincidenceSummingWindow.comboInputType_SelectedIndexChanged">
 <summary>
 Changes the interface whenver the input type drop down menu gets a different value. This displays a drop-down menu or a textbox depending
 on the type of input (single nuclide, library, ..) the user selects.
 </summary>
</member>
<member name="M:Efftran_Gui.CoincidenceSummingWindow.BtnChangeDetector_Click(System.Object,System.EventArgs)">
 <summary>
 Sets the detector file to a file chosen by the user in an OpenFileDialog. The colour of the corresponding textbox is reset to the normal colour.
 </summary>
</member>
<member name="M:Efftran_Gui.CoincidenceSummingWindow.BtnChangeSource_Click(System.Object,System.EventArgs)">
 <summary>
 Sets the source file to a file chosen by the user in an OpenFileDialog. The colour of the corresponding textbox is reset to the normal colour.
 </summary>
</member>
<member name="M:Efftran_Gui.CoincidenceSummingWindow.btnChangeInputFile_Click(System.Object,System.EventArgs)">
 <summary>
 Sets the input file to a file chosen by the user in an OpenFileDialog. The OpenFileDialog accepts .lib, .nlb, or .ctf file depending on the
 value of Me.comboInputType. The colour of the corresponding textbox is reset to the normal colour.
 </summary>
</member>
<member name="M:Efftran_Gui.CoincidenceSummingWindow.loadNuclides">
 <summary>
 Load the nuclide names into the drop-down menu.
 </summary>
</member>
<member name="M:Efftran_Gui.CoincidenceSummingWindow.saveDetectorAndSource">
 <summary>
 Copy the detector and source file that were previously chosen by the user to a fixed location in the main directory.
 This has no effect if the user has not chosen both detector and source paramters. In this case, this function returns the Exitcode.Err.
 Otherwise it returns the ExitCode.NoErr.
 </summary>
</member>
<member name="M:Efftran_Gui.CoincidenceSummingWindow.computeEfficiency">
 <summary>
 Executes the process coin1.bat. The exit code this function returns represents whether or not the process could be executed.
 </summary>
</member>
<member name="M:Efftran_Gui.CoincidenceSummingWindow.computeCorrectionFactors(System.String)">
 <summary>
 Executes the process coin2.bat. The exit code this function returns represents whether or not the process could be executed.
 </summary>
</member>
<member name="M:Efftran_Gui.CoincidenceSummingWindow.processSingleNuclide">
 <summary>
 Compute the coincidence summing correction factors for a single nuclide and show them in the table. This also saves the results
 if the corresponding checkbox is checked.
 </summary>
</member>
<member name="M:Efftran_Gui.CoincidenceSummingWindow.processGenieLibrary">
 <summary>
 Compute the coincidence summing correction factors for a a GENIE library and show them in the table. This also saves the results
 if the corresponding checkbox is checked.
 </summary>
</member>
<member name="M:Efftran_Gui.CoincidenceSummingWindow.processGenieCertificate">
 <summary>
 Compute the coincidence summing correction factors for a GENIE certificate and show them in the table. This also saves the results
 if the corresponding checkbox is checked.
 </summary>
</member>
<member name="M:Efftran_Gui.CoincidenceSummingWindow.Genie_InitializeComputation(System.Object)">
 <summary>
 Compute efficiencies using coin1.bat. This includes checking if the user has entered all necessary inputs.
 </summary>
 <param name="resultsFile">The file in which the results of the GENIE computation will be stored, i.e. EFFTRAN.NLB or EFFTRAN.CTF</param>
 <returns>An exit code that represents whether or not the process could be executed.</returns>
</member>
<member name="M:Efftran_Gui.CoincidenceSummingWindow.Genie_ComputeEandX(System.String,System.Collections.Generic.List{System.Double},System.Collections.Generic.List{System.Double})">
 <summary>
 Compute the correction factors for the nuclide using coin2.bat. If the exit code is ExitCode.NoErr, E and x will be
 lists of the E and x values computed by coin2.bat.
 </summary>
</member>
<member name="M:Efftran_Gui.CoincidenceSummingWindow.Genie_DisplayCorrectionFactor(System.String,System.Double,System.Collections.Generic.List{System.Double},System.Collections.Generic.List{System.Double})">
 <summary>
 Calculates the correction factor to be displayed for the given nuclide. This nuclide, energy, and correction factor are displayed in the
 table and the correction factor is returned.
 </summary>
</member>
<member name="M:Efftran_Gui.CoincidenceSummingWindow.processGvLibrary">
 <summary>
 Compute the coincidence summing correction factors for the GammaVision Library, show them in the table, and save them to
 a file chosen by the user if the corresponding checkbox is checked.
 </summary>
</member>
<member name="M:Efftran_Gui.CoincidenceSummingWindow.saveResults(System.String,System.String)">
 <summary>
 Copies the file in which the results of a computation are stored to a file chosen by the user. If the user chooses to export to
 a text file, this saves the contents of the table to a text file.
 </summary>
 <param name="fileTypeFilter">The filter text that a dialog would use to select a given file type.</param>
 <param name="resultsFile">The file in which the results of a previously executed computation are stored.</param>
</member>
<member name="M:Efftran_Gui.CoincidenceSummingWindow.saveAsTxt(System.String)">
 <summary>
 Save the contents of the table to the given text file.
 </summary>
 <param name="fileName">A *.txt file to save the contents of the table to.</param>
</member>
<member name="M:Efftran_Gui.CoincidenceSummingWindow.process">
 <summary>
 Compute the correction factors. The correct computation method is chosen based on which option is selected in the UI
 (e.g. single radionuclide or entire library)
 </summary>
</member>
<member name="M:Efftran_Gui.CoincidenceSummingWindow.formatCell(System.Object,System.Windows.Forms.DataGridViewCellEventArgs)">
 <summary>
 Format the given cell to the correct number format, which is determined by the column the cell is in.
 </summary>
</member>
<member name="M:Efftran_Gui.CoincidenceSummingWindow.DataGrid_RowsAdded(System.Object,System.Windows.Forms.DataGridViewRowsAddedEventArgs)">
 <summary>
 Format the cells in the added rows.
 </summary>
</member>
<member name="T:Efftran_Gui.delayedHelpLoader">
 <summary>
 Class that starts loading help once the help tab page is clicked. Help should not be loaded when the window itself is created, because this slows the startup time.
 </summary>
</member>
<member name="M:Efftran_Gui.delayedHelpLoader.loadHelp">
 <summary>
 Load help if it hasn't been loaded already. This is only called when the user clicks the help tab page
 </summary>
</member>
<member name="T:Efftran_Gui.DetectorWithAbsorberInput">
 <summary>
 A class of windows for entering parameters for a detector with an absorber. Also see the superclass AbsorberlessDetectorInputForm where most functionality 
 (i.e. general proceures and functionality related to components other than the detector) is implemented. Therefore any changes to
 absorberless detector input forms result in automatic changes to this class.
 </summary>
</member>
<member name="M:Efftran_Gui.DetectorWithAbsorberInput.#ctor">
 <summary>
 Automatically called whenever a new detector input form is created. This handles general initialisation of the window.
 </summary>
</member>
<member name="M:Efftran_Gui.DetectorWithAbsorberInput.redraw">
 <summary>
 Redraw the drawing whenever the size of the window is changed.
 </summary>
</member>
<member name="M:Efftran_Gui.DetectorWithAbsorberInput.InitAbsorberComponents">
 <summary>
 Initialise the components that have something to do with the absorber.
 Similar to InitializeComponent, but not generated by the designer, since the designer seems to want to remove the lines that add items to
 the controls of inherited items. I.e. controls like the absorber, which are contained in a container defined in the superclass, are not handled
 by the Visual Studio designer appropriately. Therefore all visual components that are not present in AbsorberlessDetectorInputForm must be specified
 manually in this subroutine.
 </summary>
</member>
<member name="M:Efftran_Gui.DetectorWithAbsorberInput.adjustAbsorberY">
 <summary> Readjust the y position of controls underneath the absorber to make the absorber stick to the elements under it. </summary>
</member>
<member name="M:Efftran_Gui.DetectorWithAbsorberInput.setAbsorberWidth(System.Double)">
 <summary> Set the absorber width to the given number of millimetres. The absorber will be centered around the axis.</summary>
</member>
<member name="M:Efftran_Gui.DetectorWithAbsorberInput.setAbsorberHeight(System.Double)">
 <summary> Set the absorber height to the given number of millimetres. Readjust the positions of all underlying elements.</summary>
</member>
<member name="M:Efftran_Gui.DetectorWithAbsorberInput.nudAbsorberDiameter_ValueChanged(System.Object,System.EventArgs)">
 <summary> Make absorber flash and set the width to the number given by nudAbsorberDiameter </summary>
</member>
<member name="M:Efftran_Gui.DetectorWithAbsorberInput.nudAbsorberThickness_ValueChanged(System.Object,System.EventArgs)">
 <summary> Make absorber flash and set the height to the number given by nudAbsorberThickness </summary>
</member>
<member name="T:Efftran_Gui.EfficiencyWindow">
 <summary>
 A class in which the user can view or save efficiency values.
 </summary>
</member>
<member name="M:Efftran_Gui.EfficiencyWindow.#ctor">
 <summary>
 Automatically called whenever a new efficiency window is created. This handles general initialisation of the window.
 </summary>
</member>
<member name="M:Efftran_Gui.EfficiencyWindow.HandleKeyDown(System.Object,System.Windows.Forms.KeyEventArgs)">
 <summary>
 Sets the following keyboard shortcuts
  - Ctrl + S: btnSave_Click()
  - Ctrl + O: btnLoad_Click()
 </summary>
</member>
<member name="M:Efftran_Gui.EfficiencyWindow.CellAt(System.Int32,System.Int32)">
 <summary>
 The cell in the DataGridView at coordinates (row, col)
 </summary>
 <param name="row">the row index</param>
 <param name="col">the column index</param>
</member>
<member name="M:Efftran_Gui.EfficiencyWindow.checkCellInput(System.Object,System.Windows.Forms.DataGridViewCellEventArgs)">
 <summary>
 Checks and corrects the value in each cell: all values must be a non-negative number. Values in a column other than uncertainty
 must be strictly positive. Any incorrect input shows a messagebox informing the user about incorrect input.
 </summary>
</member>
<member name="M:Efftran_Gui.EfficiencyWindow.DataGrid_RowsAdded(System.Object,System.Windows.Forms.DataGridViewRowsAddedEventArgs)">
 <summary>
 Check the cell input for all added rows.
 </summary>
</member>
<member name="M:Efftran_Gui.EfficiencyWindow.plot">
 <summary> Replot the graph given the new input in the datagrid</summary>
</member>
<member name="M:Efftran_Gui.EfficiencyWindow.loadFile(System.String,Efftran_Gui.Util.EfficiencyReadingFunction)">
 <summary>
 Uses the given file reading function (txt, EFT, ...) to fill in the DataGrid in this window with the information from the given file.
 </summary>
</member>
<member name="M:Efftran_Gui.EfficiencyWindow.saveFile(System.String,Efftran_Gui.Util.EfficiencySavingFunction)">
 <summary>
 Save the parameters in the DataGridView to the given file using the given file saving function (txt, EFT, ...).
 </summary>
</member>
<member name="M:Efftran_Gui.EfficiencyWindow.btnLoad_Click">
 <summary>
 Loads the information from a file chosen by the user. The file format (txt, EFT, ...) can be chosen by the user as well.
 </summary>
</member>
<member name="M:Efftran_Gui.EfficiencyWindow.btnSave_Click">
 <summary>
 Saves the information to a file chosen by the user. The file format (txt, EFT, ...) can be chosen by the user as well.
 </summary>
</member>
<member name="T:Efftran_Gui.Flasher">
 <summary>
 A class that coordinates the flashing/blinking mechanism of a visual control.
 </summary>
</member>
<member name="M:Efftran_Gui.Flasher.#ctor(System.Windows.Forms.Control@)">
 <summary>
 Automatically called whenever a new flasher form is created. This handles general initialisation.
 </summary>
</member>
<member name="M:Efftran_Gui.Flasher.bright(System.Int32)">
 <summary>
 Brightens a colour component such as Red, Green, of Blue.
 </summary>
 <param name="colorComponent">A component of a colour, i.e. the red, green, or blue value of a colour.</param>
 <returns>The brightened colour component.</returns>
</member>
<member name="M:Efftran_Gui.Flasher.flash">
 <summary>
 Make the control flash if it is not flashing already
 </summary>
</member>
<member name="M:Efftran_Gui.Flasher.tmr_Tick(System.Object,System.EventArgs)">
 <summary>
 Sets the status of the control
 </summary>
</member>
<member name="T:Efftran_Gui.InstrumentInput">
 <summary>
 A general class for forms handling visual input of detector and sample parameters. Any subclass of this class can use methods defined here.
 
 Subclasses of this class implement an interactive interface for visually entering detector parameters using numeric up/down controls and ComboBoxes (drop down menus).
 
 To make a form inherit from this class, one must change the inheritance statement in the class heading in the corresponding *.Designer.vb file.
 
 Known subclasses implement interactivity in the folowing way:
  - Each component of the instrument is displayed as a PictureBox
  - Most of these PictureBoxes have methods named Adjust{Name}{Property} associated with them. These adjust the component's {Property} to suit the current condition of
     the form. Whenever a control changes one of its properties, one should call the 'adjust' methods for all dependent controls. For example, if components Foo and Bar
     are always expected to be next to each other, moving Foo in the x-direction requires calling AdjustBarX() to keep Foo and Bar sticking together. The implementation of 
     AdjustBarX may also call another adjust method when Bar is expected to stick to more components than just Foo alone. One may also call this method for the modified component
     if one property depends on another, such as when the position of a component depends on its width.
  - Set{Name}{Property}() methods that set the {Property} for {Name} and calls the appropriate adjust methods
  - Event handlers that set the correct property and show the user visual information as to what has been changed.
 </summary>
</member>
<member name="M:Efftran_Gui.InstrumentInput.initializeInputForm(System.Windows.Forms.TableLayoutPanel@,System.Windows.Forms.Control.ControlCollection,System.Windows.Forms.ComboBox[])">
 <summary>
 Initialise the form as an input form. This includes blinking functionality, styling, and loading of materials.
 </summary>
 <param name="optionsPnl">The panel in which the options are stored.</param>
 <param name="flashables">The collection of controls that can be highlighted by blinking/flashing. Only PicureBox controls will be regarded.</param>
 <param name="materialComboBoxes">The ComboBox objects in which the names of materials should be loaded.</param>
</member>
<member name="M:Efftran_Gui.InstrumentInput.flash(System.Windows.Forms.Control@)">
 <summary>
 Make the given control flash once.
 </summary>
 <param name="c">A control that was passed during initialisation.</param>
</member>
<member name="M:Efftran_Gui.InstrumentInput.highlight(System.Windows.Forms.Label[]@)">
 <summary>
 Highlight all labels in the given array by changing their colour to the highlighted colour.
 </summary>
 <param name="labels">The labels to highlight</param>
</member>
<member name="M:Efftran_Gui.InstrumentInput.unhighlight(System.Windows.Forms.Label[]@)">
 <summary>
 Remove highlighting from the given labels, resetting their colour to the default text colour for this class.
 </summary>
 <param name="labels">The labels from which to remove highlighting.</param>
</member>
<member name="M:Efftran_Gui.InstrumentInput.loadMaterials(System.Windows.Forms.ComboBox[]@)">
 <summary>
 Load the names of all *.txt files from the directory named Material into the given ComboBoxes. If the directory is not found, this closes the application entirely.
 </summary>
 <param name="comboBoxes">The drop down menus to load the material names in</param>
</member>
<member name="M:Efftran_Gui.InstrumentInput.setFileNameInTitle(System.String,System.String)">
 <summary>
 Set the title of the window to {instrumentType} - {fileName} to show the user which file is currently loaded in this InstrumentInputForm.
 </summary>
 <param name="instrumentType">The type of instrument, e.g. Detector or source.</param>
 <param name="fileName">The name of the file.</param>
</member>
<member name="M:Efftran_Gui.InstrumentInput.saveFile(System.String,System.String,System.Windows.Forms.NumericUpDown[],System.Windows.Forms.ComboBox[])">
 <summary>
 Save the parameters to a text file chosen by the user.
 </summary>
 <param name="instrumentType">The type of instrument that is being stored.</param>
 <param name="directory">The directory to which the file saving dialog defaults.</param>
 <param name="nudSavingOrder">An array of numeric up/down controls. Parameters will be saved in the file in this order.</param>
 <param name="comboBoxesSavingOrder">An array of combox controls (drop-down menus). Parameters will be saved in the file in this order.</param>
</member>
<member name="M:Efftran_Gui.InstrumentInput.loadFile(System.String,System.String,System.Windows.Forms.NumericUpDown[],System.Windows.Forms.ComboBox[])">
 <summary>
 Load the parameters from a *.txt file chosen by the user. No changes are made if the parameters cannot be identified from the file.
 </summary>
 <param name="instrumentType">The type of instrument that is being loaded.</param>
 <param name="directory">The directory to which the file loading dialog defaults.</param>
 <param name="nudSavingOrder">An array of numeric up/down controls. Parameters will be loaded in the file in this order.</param>
 <param name="comboBoxesSavingOrder">An array of combox controls (drop-down menus). Parameters will be saved in the file in this order.</param>
</member>
<member name="T:Efftran_Gui.MarinelliSourceInput">
 <summary>
 An interactive form for entering parameters for a Marinelli Beaker Source. See the superclass InputForm.vb for additional documentation.
 </summary>
</member>
<member name="P:Efftran_Gui.MarinelliSourceInput.AxisX">
 <summary> the x-coordinate of the axis of the cilinder drawing </summary>
</member>
<member name="M:Efftran_Gui.MarinelliSourceInput.#ctor">
 <summary>
 Automatically called whenever a new marinelli source input form is created. This handles general initialisation of the window.
 </summary>
</member>
<member name="M:Efftran_Gui.MarinelliSourceInput.dispMms(System.Double)">
 <summary>
 The number of pixels that correspond to a given measurement in millimetres. Depending on the usual magnitude of the measurements,
 this may be set to a fraction of what Util.dispMms indicates
 </summary>
 <param name="mms">The measurement in millimetres.</param>
 <returns></returns>
</member>
<member name="M:Efftran_Gui.MarinelliSourceInput.redraw">
 <summary>
 Redraws everything to match the values given by the numeric up/downs.
 This is used during initialisation and changing of the window size.
 </summary>
</member>
<member name="M:Efftran_Gui.MarinelliSourceInput.HandleKeyDown(System.Object,System.Windows.Forms.KeyEventArgs)">
 <summary>
 Sets the following keyboard shortcuts
  - Ctrl + S: btnSave_Click()
  - Ctrl + O: btnLoad_Click()
 </summary>
</member>
<member name="P:Efftran_Gui.MaterialInput.Status">
 <summary>
 The status displayed in the status bar at the bottom of the window. The status can be changed by simply assigning a value to it.
 </summary>
 <returns>The current status</returns>
</member>
<member name="M:Efftran_Gui.MaterialInput.#ctor">
 <summary>
 Automatically called whenever a new detector input form is created. This handles general initialisation of the window.
 </summary>
</member>
<member name="M:Efftran_Gui.MaterialInput.CellAt(System.Int32,System.Int32)">
 <summary>
 The cell in the DataGridView at coordinates (row, col)
 </summary>
 <param name="row">the row index</param>
 <param name="col">the column index</param>
</member>
<member name="M:Efftran_Gui.MaterialInput.checkCell(System.Object,System.Windows.Forms.DataGridViewCellEventArgs)">
 <summary>
 Checks and corrects the input in the given cell if it belongs to the the column indicating the fraction of the weight. All inputs
 must be numeric and lie in the interval (0, 100]. Incorrect inputs are cleared and a message is show to the user.
 </summary>
</member>
<member name="M:Efftran_Gui.MaterialInput.checkDensity">
 <summary>
 Set the density in the input box to a positive number.
 </summary>
</member>
<member name="M:Efftran_Gui.MaterialInput.save">
 <summary>
 Perform material processing (XCOM) and save to a file.
 </summary>
</member>
<member name="M:Efftran_Gui.MaterialInput.open">
 <summary>
 Open a composition file chosen by the user.
 </summary>
</member>
<member name="M:Efftran_Gui.MaterialInput.HandleKeyDown(System.Object,System.Windows.Forms.KeyEventArgs)">
 <summary>
 Sets the following keyboard shortcuts
  - Ctrl + S: save()
  - Ctrl + O: open()
 </summary>
</member>
<member name="T:Efftran_Gui.SourceInput">
 <summary>
 An interactive form for entering source parameters. See the superclass InputForm.vb for additional documentation.
 </summary>
</member>
<member name="P:Efftran_Gui.SourceInput.AxisX">
 <summary> the x-coordinate of the axis of the cilinder drawing </summary>
</member>
<member name="M:Efftran_Gui.SourceInput.redraw">
 <summary>
 Redraws everything to match the values given by the numeric up/downs.
 This is used during initialisation and changing of the window size.
 </summary>
</member>
<member name="M:Efftran_Gui.SourceInput.HandleKeyDown(System.Object,System.Windows.Forms.KeyEventArgs)">
 <summary>
 Sets the following keyboard shortcuts
  - Ctrl + S: btnSave_Click()
  - Ctrl + O: btnLoad_Click()
 </summary>
</member>
<member name="M:Efftran_Gui.SourceInput.dispMms(System.Double)">
 <summary>
 The number of pixels that correspond to a given measurement in millimetres. Depending on the usual magnitude of the measurements,
 this may be set to a fraction of what Util.dispMms indicates
 </summary>
 <param name="mms">The measurement in millimetres.</param>
 <returns></returns>
</member>
<member name="M:Efftran_Gui.SourceInput.btnLoad_Click">
 <summary>
 Pops up a saving dialog and saves the paramters in the correct order.
 </summary>
</member>
<member name="M:Efftran_Gui.SourceInput.btnSave_Click">
 <summary>
 Pops up an opening dialog and loads the parameters in a fixed order (the same as the saving order).
 </summary>
</member>
<member name="P:Efftran_Gui.TransferWindow.Status">
 <summary>
 The status displayed in the status bar at the bottom of the window. The status can be changed by simply assigning a value to it.
 </summary>
 <returns>The current status</returns>
</member>
<member name="P:Efftran_Gui.TransferWindow.hasSelectedEfficiency">
 <summary>
 True iff the user has selected an efficiency file.
 </summary>
</member>
<member name="P:Efftran_Gui.TransferWindow.resultsFile">
 <summary>
 The file where the transfer script saves the results of the computation
 </summary>
</member>
<member name="M:Efftran_Gui.TransferWindow.#ctor">
 <summary>
 Automatically called whenever a new transfer window is created. This handles general initialisation of the window.
 </summary>
</member>
<member name="M:Efftran_Gui.TransferWindow.loadInstrument(System.String,System.String,System.Windows.Forms.TextBox@)">
 <summary>
 Show a dialog for loading an instrument (detector or source) and writes the name of the chosen file in the corresponding textbox.
 This returns the name of the file, which should be assigned to a variable in this class (e.g. Me.detectorFile)
 </summary>
 <param name="itemName">The name of the type of instrument that is being loaded, i.e. detector, standard, sample</param>
 <param name="directory">The directory to which the opening dialog defaults.</param>
 <param name="nameTextBox">The textbox in which the name of the instrument is displayed.</param>
 <returns></returns>
</member>
<member name="M:Efftran_Gui.TransferWindow.HandleKeyDown(System.Object,System.Windows.Forms.KeyEventArgs)">
 <summary>
 Sets the following keyboard shortcuts
  - Ctrl + T: btnTransfer_Click()
 </summary>
</member>
<member name="M:Efftran_Gui.TransferWindow.BtnChangeDetector_Click(System.Object,System.EventArgs)">
 <summary>
 Let the user choose a detector file to load and set Me.detectorFile equal to the path of the chosen file.
 </summary>
</member>
<member name="M:Efftran_Gui.TransferWindow.BtnChangeSample_Click(System.Object,System.EventArgs)">
 <summary>
 Let the user choose a sample file to load and set Me.sampleFile equal to the path of the chosen file.
 </summary>
</member>
<member name="M:Efftran_Gui.TransferWindow.BtnChangeStandard_Click(System.Object,System.EventArgs)">
 <summary>
 Let the user choose a standard file to load and set Me.standardFile equal to the path of the chosen file.
 </summary>
</member>
<member name="M:Efftran_Gui.TransferWindow.btnChangeEfficiency_Click(System.Object,System.EventArgs)">
 <summary>
 Let the user choose an efficiency file and store it in the main directory as a text file to use it as one of the inputs for the transfer script.
 This conversion is done before the transfer because the saving dialog provides the information as to which file type is chosen.
 </summary>
 <param name="sender"></param>
 <param name="e"></param>
</member>
<member name="M:Efftran_Gui.TransferWindow.btnTransfer_Click">
 <summary>
 Transfer the efficiency, show the results in an EfficiencyWindow.
 </summary>
</member>
<member name="M:Efftran_Gui.TransferWindow.transferEfficency">
 <summary>
 Transfer the efficiency. Returns ExitCode.NoErr iff all inputs are valid and the transfer script could be executed, Err in other cases.
 </summary>
</member>
<member name="T:Efftran_Gui.Util.ExitCode">
 <summary>
 The exit code of a procedure, which can be Err or NoErr depending on whether the procedure could be executed successfully.
 </summary>
</member>
<member name="M:Efftran_Gui.Util.dispMms(System.Double)">
 <summary> The number of pixels that corresponds with the given length in millimetres</summary>
</member>
<member name="M:Efftran_Gui.Util.numToString(System.Double,System.Int32)">
 <summary>A string representing the given number in decimal notation with a given number of digits after the decimal point</summary>
</member>
<member name="M:Efftran_Gui.Util.stringToNum(System.String)">
 <summary> Reads a number in floating point notation as a string.</summary>
</member>
<member name="M:Efftran_Gui.Util.topRoundedRectangle(System.Int32,System.Int32,System.Int32)">
 <summary>
 The Region property of a rectangle with rounded corners at the top. This method does not check if the rounding radius is possible given the width and height.
 </summary>
 <param name="width">the width of the rectangle</param>
 <param name="height">the height of the rectangle</param>
 <param name="radius">the rounding radius</param>
 <returns></returns>
</member>
<member name="M:Efftran_Gui.Util.makeTopRoundedRectangle(System.Windows.Forms.Control@,System.Int32)">
 <summary>
 Round the upper corners of the given control by the given radius.
 </summary>
</member>
<member name="M:Efftran_Gui.Util.inMainDirectory(System.String[])">
 <summary>
 The full path name of the relative path, starting from the main directory of this application. This way any file path can
 be specified relative to the directory where this application is installed. This is useful if one wants the application to be
 executable from any directory.
 </summary>
 <param name="relativePath"></param>
 <returns></returns>
</member>
<member name="M:Efftran_Gui.Util.openDialog(System.String,System.String,System.String)">
 <summary>
 Opens a dialog to open a file and displays it. This function returns the displayed dialog.
 </summary>
 <param name="title">The title at the top of the dialog</param>
 <param name="filter">The filter string to use when choosing file names</param>
 <param name="initialDirectory">The directory to which the dialog defaults</param>
 <returns>An OpenFileDialog with the given parameters</returns>
</member>
<member name="M:Efftran_Gui.Util.saveDialog(System.String,System.String,System.String)">
 <summary>
 Opens a dialog to save a file and displays it. This function returns the displayed dialog.
 </summary>
 <param name="title">The title at the top of the dialog</param>
 <param name="filter">The filter string to use when choosing file names</param>
 <param name="initialDirectory">The directory to which the dialog defaults</param>
 <returns>A SaveFileDialog with the given parameters</returns>
</member>
<member name="M:Efftran_Gui.Util.makeToolTip(System.Windows.Forms.Control,System.String)">
 <summary>
 Make a tooltip for the given control. The given text will be displayed when the user hovers their mouse cursor over the control.
 </summary>
 <param name="ctrl">The control to make a tooltip for</param>
 <param name="text">A small text describing the function of the given control </param>
 <returns></returns>
</member>
<member name="M:Efftran_Gui.Util.LoadRichTextBoxFile(System.Windows.Forms.RichTextBox@,System.String)">
 <summary>
 Set the text of a rich text box to the content of a .rtf file
 </summary>
 <param name="tbx">The textbox in which to display the text</param>
 <param name="filepath">The path of the .rtf file</param>
</member>
<member name="M:Efftran_Gui.Util.extractColumns(System.String)">
 <summary>
 A list of all substrings that separated by spaces in the original string.
 </summary>
 <param name="str">The string to split into columns</param>
</member>
<member name="T:Efftran_Gui.Util.EfficiencyReadingFunction">
 <summary>
 A function that returns a dictionary of the energy, efficiency, and uncertainty values in the given file. The keys in the dictionary
 are energy, efficiency, and uncertainty, and each key maps to a list of double values. This dictionary can be read as a table with the
 keys as column headers.
 </summary>
 <returns>
 This dictionary has three entries: energy, efficiency, and uncertainty. Each of these represents a column of values for this quantity.
 </returns>
</member>
<member name="M:Efftran_Gui.Util.readTxtEfficiency(System.String)">
 <summary>
 Lists the information in the text file in a dictionary. See also: ReadFileFunction.
 </summary>
 <param name="fileName">The file to read</param>
</member>
<member name="M:Efftran_Gui.Util.readEftEfficiency(System.String)">
 <summary>
 Lists the information in the EFT file in a dictionary. See also: ReadFileFunction.
 </summary>
 <param name="fileName">The file to read</param>
</member>
<member name="M:Efftran_Gui.Util.readCalEfficiency(System.String)">
 <summary>
 Lists the information in the CAL file in a dictionary. See also: ReadFileFunction.
 If the Canberra library cannot be found, this still returns a dictionary, but all entries are empty.
 </summary>
 <param name="fileName">The file to read</param>
</member>
<member name="T:Efftran_Gui.Util.EfficiencySavingFunction">
 <summary>
 Save the energy, efficiency, and uncertainty to a file. The format of the file is determined by the implementing function.
 </summary>
</member>
<member name="M:Efftran_Gui.Util.saveTxtEfficiency(System.String,System.Collections.Generic.List{System.Double},System.Collections.Generic.List{System.Double},System.Collections.Generic.List{System.Double})">
 <summary>
 Save the energy, efficiency, and uncertainty to a text file
 </summary>
</member>
<member name="M:Efftran_Gui.Util.saveEftEfficiency(System.String,System.Collections.Generic.List{System.Double},System.Collections.Generic.List{System.Double},System.Collections.Generic.List{System.Double})">
 <summary>
 Save the energy, efficiency, and uncertainty to an EFT file
 </summary>
</member>
<member name="M:Efftran_Gui.Util.saveCalEfficiency(System.String,System.Collections.Generic.List{System.Double},System.Collections.Generic.List{System.Double},System.Collections.Generic.List{System.Double})">
 <summary>
 Save the energy, efficiency, and uncertainty to a CAL file
 </summary>
</member>
<member name="P:Efftran_Gui.WellTypeDetectorInput.AxisX">
 <summary> the x-coordinate of the axis of the cilinder drawing </summary>
</member>
<member name="M:Efftran_Gui.WellTypeDetectorInput.redraw">
 <summary>
 Redraw based on dimensions of the window
 </summary>
</member>
<member name="M:Efftran_Gui.WellTypeDetectorInput.dispMms(System.Double)">
 <summary>
 The number of pixels that correspond to a given measurement in millimetres. Depending on the usual magnitude of the measurements,
 this may be set to a fraction of what Util.dispMms indicates
 </summary>
 <param name="millimeters">The measurement in millimetres.</param>
 <returns></returns>
</member>
<member name="M:Efftran_Gui.WellTypeDetectorInput.WellTypeDetectorInput_KeyDown(System.Object,System.Windows.Forms.KeyEventArgs)">
 <summary>
 Handles shortcuts
 </summary>
 <param name="sender"></param>
 <param name="e"></param>
</member>
<member name="M:Efftran_Gui.WellTypeDetectorInput.btnSave_Click">
 <summary>
 Pops up a saving dialog and saves the paramters in the correct order.
 </summary>
</member>
<member name="M:Efftran_Gui.WellTypeDetectorInput.btnLoad_Click">
 <summary>
 Pops up an opening dialog and loads the parameters in a fixed order (the same as the saving order).
 </summary>
</member>
</members>
</doc>
